{
    "biases": [
        [
            [
                -0.2466292312002527,
                0.5283290980333504,
                -0.15972631248024005,
                -0.3772322862957851,
                0.13733516359814676,
                0.09659175407997966,
                0.13800308454778246,
                0.12954857814378473,
                0.2153511778360869,
                0.3262569667641739,
                0.0044100617376333084,
                -0.22232632664118232,
                -0.21308984051783414,
                -0.07368921726083791,
                0.6464508749725941,
                -0.3311155276400035
            ]
        ],
        [
            [
                -0.1477699922502019,
                -0.11421069751862345,
                -0.14786949890731757,
                -0.5242430944114778,
                0.08271488920379674,
                -0.06652765510587386,
                -0.18244822672459077,
                0.2057321217367529
            ]
        ],
        [
            [
                -0.0366592671836691,
                1.0297371488590494
            ]
        ]
    ],
    "generation": 208,
    "genes": {
        "attractiveness": 11.226761139662242,
        "max_speed": 7.9356375697515364,
        "max_stamina": 2083.8868514471637,
        "sight_angle": 0.7429075182925611,
        "sight_distance": 406.9255507080354,
        "size": 5.0
    },
    "layer_sizes": [
        15,
        16,
        8,
        2
    ],
    "metric_game_uptime_seconds": 65.69400000000098,
    "weights": [
        [
            [
                -0.02096949071723661,
                -0.1862847398713748,
                0.16510103782754892,
                0.013872282129009705,
                -0.20340894118434769,
                0.017378831050426896,
                -0.05322697208765796,
                0.13162455899329806,
                -0.16751490790818035,
                -0.5713013965077636,
                -0.18824360921412384,
                -0.679946248852572,
                0.0035284772275661624,
                -0.48727784144776826,
                0.22060303811667303,
                0.25983908189911786
            ],
            [
                -0.09948304895860427,
                0.6125873842369898,
                0.044427466050277434,
                0.08615121971930458,
                -0.16820894937643116,
                0.3047795227720417,
                0.23584666242327382,
                0.20851625773431462,
                -0.2172582809771091,
                0.17094094080906402,
                -0.5138971090000626,
                -0.0706599986049489,
                -0.062025567805729015,
                -0.27629944384096095,
                -0.07605815775599559,
                -0.040514577605634455
            ],
            [
                -0.3881484122357838,
                -0.08871319704574548,
                0.18380052112581594,
                -0.1929915073449607,
                -0.5178320262821131,
                0.023049079521065788,
                -0.1373462833373837,
                -0.0017360697496143218,
                -0.06265069575049209,
                -0.19528447282072306,
                0.44900864351365455,
                0.07454537996402405,
                0.10691882729000297,
                0.5415637234516785,
                0.21977988371453744,
                -0.054753236716703485
            ],
            [
                -0.5493846672975122,
                -0.19359328579016039,
                0.15783440707150787,
                -0.4749034093586131,
                -0.3495935143183537,
                -0.6990520218221847,
                -0.3100062618520467,
                -0.16013394692551997,
                0.050491691772448555,
                0.04814398526407823,
                0.3788516048473126,
                -0.042895735897991755,
                -0.3264401906502065,
                -0.046361523776521626,
                0.052289044853053385,
                0.28515960948620467
            ],
            [
                0.23451687851999414,
                -0.07417610618424708,
                -0.646424949200512,
                0.14199151413753755,
                0.4660778646946131,
                0.18439807352559734,
                0.0364821933248729,
                0.2096526719372177,
                -0.07311482276559741,
                0.04659269877280353,
                -0.3377288389667422,
                -0.24086205064835498,
                -0.016000589469477716,
                -0.09829606072695203,
                -0.4045790823237954,
                0.02861189412989734
            ],
            [
                0.32505718997909144,
                0.2580001843628723,
                -0.07248883772799569,
                -0.2416430725416409,
                -0.3193468362582462,
                -0.1274327087504362,
                0.17307101119766166,
                -0.37667070869439034,
                0.06784974677629516,
                0.11412186039905763,
                -0.3208714868107446,
                -0.5552967502704736,
                0.12477535772014858,
                -0.07749592534745442,
                -0.07013702145968681,
                -0.08085440832262705
            ],
            [
                -0.2688094582730304,
                -0.05488894160374805,
                -0.10031988174467686,
                -0.20283872403286982,
                0.1248907247388078,
                0.20776900742510584,
                -0.14436830973510645,
                0.23823526773101136,
                -0.3948765496252422,
                -0.14486409610041495,
                -0.047704581157924086,
                0.05317428834044506,
                -0.16665658888588628,
                0.556682099505642,
                0.21486666567353085,
                -0.10841224891218686
            ],
            [
                -0.06690413383224565,
                -0.12604032827593284,
                -0.4598346893851313,
                0.2774567101175655,
                0.36523475104696257,
                0.1469589083284667,
                0.1916303419357384,
                0.0180744101321971,
                0.23006451290151522,
                0.5477340320985935,
                -0.09875767553452436,
                -0.021272679192690075,
                0.2616532838341815,
                -0.040530151762438835,
                -0.31703752904310734,
                0.1524131919173397
            ],
            [
                -0.2773801382156267,
                0.13462446060987637,
                -0.4757871241137456,
                0.08631382196719391,
                0.036914751898744866,
                0.23066522457446387,
                0.05250509412451136,
                0.26062229470759546,
                0.09687467373771494,
                -0.39572574741817407,
                0.1594710638450653,
                0.10660114849947723,
                0.03360809728373662,
                -0.21109676353567802,
                -0.07058498654916037,
                -0.009672695124186947
            ],
            [
                0.2840316137644142,
                -0.16513013063488702,
                0.12113665254235079,
                -0.14393731296133683,
                -0.004561434749579277,
                0.039651526048529784,
                0.5848712805135329,
                0.09055555203307968,
                0.12877515177664506,
                0.05828109333283246,
                -0.01483159224394165,
                0.18647179195243202,
                -0.2834939047605287,
                0.0009187868738069066,
                0.45395518377235927,
                0.13444808155559151
            ],
            [
                -0.05760929726357153,
                0.5516968720795822,
                -0.4303484383523333,
                0.5542825047055617,
