{
    "biases": [
        [
            [
                0.2076171014713952,
                -0.3886561082047538,
                0.19668414922156324,
                -0.33720725158400716,
                0.1993139629497724,
                -0.13877582805742722,
                0.24929137206838983,
                0.0740112233862771,
                0.00394727307603307,
                0.01272132968700282,
                0.4957609184356449,
                -0.3687655780387935,
                0.2986441711722283,
                -0.19749191717429296,
                0.7076909726427887,
                0.14743101315145152
            ]
        ],
        [
            [
                -0.3822032178567905,
                0.6189615890640134,
                -0.10812106046246082,
                0.08256291791634227,
                -0.3595649678353503,
                -0.3997596415055092,
                0.19170838746658359,
                -0.32385903202037514
            ]
        ],
        [
            [
                0.3459143642323181,
                1.2185194446073784
            ]
        ]
    ],
    "generation": 208,
    "genes": {
        "attractiveness": 6.712237953397655,
        "max_speed": 10.0,
        "max_stamina": 2139.0203544675774,
        "sight_angle": 1.919123899212784,
        "sight_distance": 464.0122301523249,
        "size": 5.310004301009505
    },
    "layer_sizes": [
        15,
        16,
        8,
        2
    ],
    "metric_game_uptime_seconds": 65.69400000000098,
    "weights": [
        [
            [
                0.3176939221955776,
                -0.20009482283952681,
                -0.17491595654838768,
                -0.09089495390069074,
                0.5432095943979531,
                -0.149487880751638,
                0.23241956970509528,
                0.3252677588010104,
                0.04408364195735534,
                0.232345981196774,
                0.15779839825827097,
                -0.32591514586296544,
                -0.7058987319321501,
                -0.028243086242563442,
                -0.30909445838772753,
                -0.12561555124406207
            ],
            [
                -0.3144587457516824,
                0.6395899110542128,
                0.1081122540906821,
                0.2928844005852146,
                0.14619298187569274,
                0.12097291202190738,
                0.30386504713630325,
                0.22530800058279307,
                -0.25456713929626557,
                0.11848200942247582,
                0.25454677278301185,
                -0.21075371509688215,
                -0.0968702050195181,
                -0.4799753192314351,
                0.12021694175446865,
                -0.9183094323973893
            ],
            [
                -0.42997579279535453,
                0.32354676730836984,
                -0.16983309883122324,
                0.18435128255755331,
                -0.24107714558125476,
                -0.012265237167235793,
                0.45698770090758734,
                -0.6681605579207359,
                -0.7498979769457534,
                -0.2947115500073602,
                -0.016671179403022734,
                -0.11167755790891283,
                -0.03548968694334137,
                -0.46726739537360806,
                0.31043047923765765,
                -0.173667128998405
            ],
            [
                0.06278125919067576,
                -0.4659079135421164,
                0.38778306315588595,
                0.4461664532358103,
                0.45292143373726124,
                -0.229211396026501,
                0.09996518914122307,
                -0.2991768111178265,
                -0.19155647128818865,
                -0.6318203212820477,
                -0.09632865374543119,
                -0.5934817662135884,
                0.05196937356618837,
                -0.21627953547527595,
                0.4030162960735234,
                0.09394244366580126
            ],
            [
                -0.1547970933592582,
                0.04989432630555232,
                -0.42968391558436037,
                -0.506129009728678,
                0.269176407425651,
                0.4800973778024462,
                -0.3468892998762284,
                -0.4816104311204484,
                0.46873521147211644,
                -0.09648863927263901,
                -0.1535063358866703,
                -0.4484883338833643,
                -0.40493606516844094,
                0.17119463170511146,
                -0.1369151299924543,
                -0.5775361225486025
            ],
            [
                -0.5072903203308075,
                0.416058352534542,
                0.01959309092169524,
                0.505213850439994,
                -0.059340334669112524,
                -0.03864001044472491,
                -0.1619123399723802,
                0.058469551402112074,
                -0.05105170370655768,
                -0.03050628077688161,
                -0.1934475746945421,
                0.067379751184239,
                -0.18628928668893505,
                0.3076107087686649,
                -0.03253260347107867,
                -0.021455507264154558
            ],
            [
                0.22552856812216193,
                0.4648317047315942,
                0.29554976133731226,
                -0.011956743207902853,
                0.05969673424957786,
                -0.20484297343500021,
                0.02975431499495723,
                -0.1194685891560798,
                0.19339088811746613,
                0.18191305559174448,
                -0.44464742902025023,
                -0.11526700898577522,
                0.11692450247547033,
                0.04029099034209892,
                0.10812325704963995,
                0.48346593133658067
            ],
            [
                0.6068452653660383,
                0.5279339096046068,
                -0.011052263263528664,
                -0.1011006324323794,
                -0.1726884191774922,
                0.0019324053683695552,
                0.2845150645022299,
                0.46751537308696123,
                0.6822350965164501,
                -0.12900437153776645,
                0.3503471925116665,
                0.31106595120265784,
                -0.06943899318505002,
                -0.4756724857212245,
                0.12782611681662717,
                -0.5385978694176403
            ],
            [
                0.13329701735986177,
                0.05974977150548455,
                0.427331518465066,
                0.09286535644192279,
                -0.20771373172784463,
                -0.15872893609103644,
                0.09456841023735474,
                -0.05525898471492255,
                0.42762389156213176,
                -0.5831561155903473,
                0.07273225294420615,
                0.32726812557887114,
                0.3852211110142393,
                0.4536860797003853,
                0.41669216961592626,
                0.2996691144174238
            ],
            [
                -0.1874916515050143,
                0.3485966042560814,
                0.34107430381672194,
                0.2344785437963337,
                0.21581697389950016,
                0.4168108690900961,
                -0.10139535396553724,
                -0.32564946976690623,
                -0.17139411625264764,
                0.34512827790087086,
                -0.4146638643612414,
                0.002462737348072952,
                0.6298595708679433,
                0.19584538543093602,
                -0.17892184438292563,
                -0.13342667385107684
            ],
            [
                -0.18809172247471911,
                -0.07578236728091106,
                -0.02871215843778091,
                0.45519584355300535,
                0.2133998852798155,
